MODEL,DATASET,DISTRIBUTION,KERNEL TYPE,BEST TRAIN ACCURACY,AT EPOCH,TEST ACCURACY
normal,cifar10,none,--,89.0625,125,78.64
normal,cifar10,cauchy,1,93.75,93,83.16
normal,cifar10,cauchy,2,95.3125,140,82.5
normal,cifar10,cauchy,3,92.1875,130,81.0
normal,cifar10,cauchy,4,92.1875,64,81.75
normal,cifar10,cauchy,5,92.1875,136,82.01
normal,cifar10,cauchy,6,91.4062,158,80.56
normal,cifar10,cauchy,7,93.75,192,81.63
normal,cifar10,cauchy,8,93.75,98,82.35
normal,cifar10,cauchy,9,93.75,158,82.19
normal,cifar10,cauchy,10,93.75,105,82.71
normal,cifar10,cauchy,11,90.625,84,81.45
normal,cifar10,cauchy,12,96.875,132,82.02
normal,cifar10,cauchy,13,92.9688,106,82.05
normal,cifar10,cauchy,14,93.75,83,82.55
normal,cifar10,gaussian,1,98.4375,125,83.13
normal,cifar10,gaussian,2,93.75,82,83.02
normal,cifar10,gaussian,3,93.75,120,82.41
normal,cifar10,gaussian,4,92.1875,53,82.39
normal,cifar10,gaussian,5,93.75,74,80.85
normal,cifar10,gaussian,6,93.75,68,83.34
normal,cifar10,gaussian,7,93.75,91,84.78
normal,cifar10,gaussian,8,95.3125,192,84.47
normal,cifar10,gaussian,9,96.875,151,82.67
normal,cifar10,gaussian,10,93.75,184,83.69
normal,cifar10,gaussian,11,92.1875,33,82.12
normal,cifar10,gaussian,12,96.875,156,82.28
normal,cifar10,gaussian,13,95.3125,166,84.37
normal,cifar10,gaussian,14,93.75,94,82.95
normal,cifar10,gumbel,1,93.75,187,83.39
normal,cifar10,gumbel,2,93.75,47,83.75
normal,cifar10,gumbel,3,93.75,97,82.62
normal,cifar10,gumbel,4,92.1875,133,82.66
normal,cifar10,gumbel,5,92.1875,42,81.55
normal,cifar10,gumbel,6,95.3125,98,81.7
normal,cifar10,gumbel,7,92.1875,141,83.52
normal,cifar10,gumbel,8,95.3125,166,83.53
normal,cifar10,gumbel,9,95.3125,198,81.18
normal,cifar10,gumbel,10,95.3125,82,83.77
normal,cifar10,gumbel,11,92.1875,41,83.22
normal,cifar10,gumbel,12,95.3125,77,83.58
normal,cifar10,gumbel,13,96.875,178,84.75
normal,cifar10,gumbel,14,93.75,134,84.42
normal,cifar10,laplace,1,95.3125,67,81.51
normal,cifar10,laplace,2,95.3125,152,82.05
normal,cifar10,laplace,3,92.1875,84,81.5
normal,cifar10,laplace,4,93.75,118,82.85
normal,cifar10,laplace,5,93.75,129,82.9
normal,cifar10,laplace,6,93.75,70,82.64
normal,cifar10,laplace,7,92.1875,116,83.2
normal,cifar10,laplace,8,92.1875,64,83.02
normal,cifar10,laplace,9,93.75,154,83.23
normal,cifar10,laplace,10,92.1875,68,83.0
normal,cifar10,laplace,11,92.1875,126,82.58
normal,cifar10,laplace,12,93.75,149,83.14
normal,cifar10,laplace,13,93.75,69,83.16
normal,cifar10,laplace,14,95.3125,83,82.84
normal,cifar10,poisson,1,--,--,--
normal,cifar10,poisson,2,--,--,--
normal,cifar10,poisson,3,--,--,--
normal,cifar10,poisson,4,--,--,--
normal,cifar10,poisson,5,--,--,--
normal,cifar10,poisson,6,--,--,--
normal,cifar10,poisson,7,--,--,--
normal,cifar10,poisson,8,--,--,--
normal,cifar10,poisson,9,--,--,--
normal,cifar10,poisson,10,--,--,--
normal,cifar10,poisson,11,--,--,--
normal,cifar10,poisson,12,--,--,--
normal,cifar10,poisson,13,--,--,--
normal,cifar10,poisson,14,--,--,--
normal,cifar100,none,--,68.75,65,48.36
normal,cifar100,cauchy,1,--,--,--
normal,cifar100,cauchy,2,--,--,--
normal,cifar100,cauchy,3,--,--,--
normal,cifar100,cauchy,4,--,--,--
normal,cifar100,cauchy,5,--,--,--
normal,cifar100,cauchy,6,--,--,--
normal,cifar100,cauchy,7,--,--,--
normal,cifar100,cauchy,8,--,--,--
normal,cifar100,cauchy,9,--,--,--
normal,cifar100,cauchy,10,--,--,--
normal,cifar100,cauchy,11,--,--,--
normal,cifar100,cauchy,12,--,--,--
normal,cifar100,cauchy,13,--,--,--
normal,cifar100,cauchy,14,--,--,--
normal,cifar100,gaussian,1,--,--,--
normal,cifar100,gaussian,2,--,--,--
normal,cifar100,gaussian,3,--,--,--
normal,cifar100,gaussian,4,--,--,--
normal,cifar100,gaussian,5,--,--,--
normal,cifar100,gaussian,6,--,--,--
normal,cifar100,gaussian,7,--,--,--
normal,cifar100,gaussian,8,--,--,--
normal,cifar100,gaussian,9,--,--,--
normal,cifar100,gaussian,10,--,--,--
normal,cifar100,gaussian,11,--,--,--
normal,cifar100,gaussian,12,--,--,--
normal,cifar100,gaussian,13,--,--,--
normal,cifar100,gaussian,14,--,--,--
normal,cifar100,gumbel,1,--,--,--
normal,cifar100,gumbel,2,--,--,--
normal,cifar100,gumbel,3,--,--,--
normal,cifar100,gumbel,4,--,--,--
normal,cifar100,gumbel,5,--,--,--
normal,cifar100,gumbel,6,--,--,--
normal,cifar100,gumbel,7,--,--,--
normal,cifar100,gumbel,8,--,--,--
normal,cifar100,gumbel,9,--,--,--
normal,cifar100,gumbel,10,--,--,--
normal,cifar100,gumbel,11,--,--,--
normal,cifar100,gumbel,12,--,--,--
normal,cifar100,gumbel,13,--,--,--
normal,cifar100,gumbel,14,--,--,--
normal,cifar100,laplace,1,--,--,--
normal,cifar100,laplace,2,--,--,--
normal,cifar100,laplace,3,--,--,--
normal,cifar100,laplace,4,--,--,--
normal,cifar100,laplace,5,--,--,--
normal,cifar100,laplace,6,--,--,--
normal,cifar100,laplace,7,--,--,--
normal,cifar100,laplace,8,--,--,--
normal,cifar100,laplace,9,--,--,--
normal,cifar100,laplace,10,--,--,--
normal,cifar100,laplace,11,--,--,--
normal,cifar100,laplace,12,--,--,--
normal,cifar100,laplace,13,--,--,--
normal,cifar100,laplace,14,--,--,--
normal,cifar100,poisson,1,--,--,--
normal,cifar100,poisson,2,--,--,--
normal,cifar100,poisson,3,--,--,--
normal,cifar100,poisson,4,--,--,--
normal,cifar100,poisson,5,--,--,--
normal,cifar100,poisson,6,--,--,--
normal,cifar100,poisson,7,--,--,--
normal,cifar100,poisson,8,--,--,--
normal,cifar100,poisson,9,--,--,--
normal,cifar100,poisson,10,--,--,--
normal,cifar100,poisson,11,--,--,--
normal,cifar100,poisson,12,--,--,--
normal,cifar100,poisson,13,--,--,--
normal,cifar100,poisson,14,--,--,--
normal,imagenet,none,--,4.6875,4,0.57
normal,imagenet,cauchy,1,--,--,--
normal,imagenet,cauchy,2,--,--,--
normal,imagenet,cauchy,3,--,--,--
normal,imagenet,cauchy,4,--,--,--
normal,imagenet,cauchy,5,--,--,--
normal,imagenet,cauchy,6,--,--,--
normal,imagenet,cauchy,7,--,--,--
normal,imagenet,cauchy,8,--,--,--
normal,imagenet,cauchy,9,--,--,--
normal,imagenet,cauchy,10,--,--,--
normal,imagenet,cauchy,11,--,--,--
normal,imagenet,cauchy,12,--,--,--
normal,imagenet,cauchy,13,--,--,--
normal,imagenet,cauchy,14,--,--,--
normal,imagenet,gaussian,1,--,--,--
normal,imagenet,gaussian,2,--,--,--
normal,imagenet,gaussian,3,--,--,--
normal,imagenet,gaussian,4,--,--,--
normal,imagenet,gaussian,5,--,--,--
normal,imagenet,gaussian,6,--,--,--
normal,imagenet,gaussian,7,--,--,--
normal,imagenet,gaussian,8,--,--,--
normal,imagenet,gaussian,9,--,--,--
normal,imagenet,gaussian,10,--,--,--
normal,imagenet,gaussian,11,--,--,--
normal,imagenet,gaussian,12,--,--,--
normal,imagenet,gaussian,13,--,--,--
normal,imagenet,gaussian,14,--,--,--
normal,imagenet,gumbel,1,--,--,--
normal,imagenet,gumbel,2,--,--,--
normal,imagenet,gumbel,3,--,--,--
normal,imagenet,gumbel,4,--,--,--
normal,imagenet,gumbel,5,--,--,--
normal,imagenet,gumbel,6,--,--,--
normal,imagenet,gumbel,7,--,--,--
normal,imagenet,gumbel,8,--,--,--
normal,imagenet,gumbel,9,--,--,--
normal,imagenet,gumbel,10,--,--,--
normal,imagenet,gumbel,11,--,--,--
normal,imagenet,gumbel,12,--,--,--
normal,imagenet,gumbel,13,--,--,--
normal,imagenet,gumbel,14,--,--,--
normal,imagenet,laplace,1,--,--,--
normal,imagenet,laplace,2,--,--,--
normal,imagenet,laplace,3,--,--,--
normal,imagenet,laplace,4,--,--,--
normal,imagenet,laplace,5,--,--,--
normal,imagenet,laplace,6,--,--,--
normal,imagenet,laplace,7,--,--,--
normal,imagenet,laplace,8,--,--,--
normal,imagenet,laplace,9,--,--,--
normal,imagenet,laplace,10,--,--,--
normal,imagenet,laplace,11,--,--,--
normal,imagenet,laplace,12,--,--,--
normal,imagenet,laplace,13,--,--,--
normal,imagenet,laplace,14,--,--,--
normal,imagenet,poisson,1,--,--,--
normal,imagenet,poisson,2,--,--,--
normal,imagenet,poisson,3,--,--,--
normal,imagenet,poisson,4,--,--,--
normal,imagenet,poisson,5,--,--,--
normal,imagenet,poisson,6,--,--,--
normal,imagenet,poisson,7,--,--,--
normal,imagenet,poisson,8,--,--,--
normal,imagenet,poisson,9,--,--,--
normal,imagenet,poisson,10,--,--,--
normal,imagenet,poisson,11,--,--,--
normal,imagenet,poisson,12,--,--,--
normal,imagenet,poisson,13,--,--,--
normal,imagenet,poisson,14,--,--,--
normal,mnist,none,--,100.0,2,99.43
normal,mnist,cauchy,1,--,--,--
normal,mnist,cauchy,2,--,--,--
normal,mnist,cauchy,3,--,--,--
normal,mnist,cauchy,4,--,--,--
normal,mnist,cauchy,5,--,--,--
normal,mnist,cauchy,6,--,--,--
normal,mnist,cauchy,7,--,--,--
normal,mnist,cauchy,8,--,--,--
normal,mnist,cauchy,9,--,--,--
normal,mnist,cauchy,10,--,--,--
normal,mnist,cauchy,11,--,--,--
normal,mnist,cauchy,12,--,--,--
normal,mnist,cauchy,13,--,--,--
normal,mnist,cauchy,14,--,--,--
normal,mnist,gaussian,1,--,--,--
normal,mnist,gaussian,2,--,--,--
normal,mnist,gaussian,3,--,--,--
normal,mnist,gaussian,4,--,--,--
normal,mnist,gaussian,5,--,--,--
normal,mnist,gaussian,6,--,--,--
normal,mnist,gaussian,7,--,--,--
normal,mnist,gaussian,8,--,--,--
normal,mnist,gaussian,9,--,--,--
normal,mnist,gaussian,10,--,--,--
normal,mnist,gaussian,11,--,--,--
normal,mnist,gaussian,12,--,--,--
normal,mnist,gaussian,13,--,--,--
normal,mnist,gaussian,14,--,--,--
normal,mnist,gumbel,1,--,--,--
normal,mnist,gumbel,2,--,--,--
normal,mnist,gumbel,3,--,--,--
normal,mnist,gumbel,4,--,--,--
normal,mnist,gumbel,5,--,--,--
normal,mnist,gumbel,6,--,--,--
normal,mnist,gumbel,7,--,--,--
normal,mnist,gumbel,8,--,--,--
normal,mnist,gumbel,9,--,--,--
normal,mnist,gumbel,10,--,--,--
normal,mnist,gumbel,11,--,--,--
normal,mnist,gumbel,12,--,--,--
normal,mnist,gumbel,13,--,--,--
normal,mnist,gumbel,14,--,--,--
normal,mnist,laplace,1,--,--,--
normal,mnist,laplace,2,--,--,--
normal,mnist,laplace,3,--,--,--
normal,mnist,laplace,4,--,--,--
normal,mnist,laplace,5,--,--,--
normal,mnist,laplace,6,--,--,--
normal,mnist,laplace,7,--,--,--
normal,mnist,laplace,8,--,--,--
normal,mnist,laplace,9,--,--,--
normal,mnist,laplace,10,--,--,--
normal,mnist,laplace,11,--,--,--
normal,mnist,laplace,12,--,--,--
normal,mnist,laplace,13,--,--,--
normal,mnist,laplace,14,--,--,--
normal,mnist,poisson,1,--,--,--
normal,mnist,poisson,2,--,--,--
normal,mnist,poisson,3,--,--,--
normal,mnist,poisson,4,--,--,--
normal,mnist,poisson,5,--,--,--
normal,mnist,poisson,6,--,--,--
normal,mnist,poisson,7,--,--,--
normal,mnist,poisson,8,--,--,--
normal,mnist,poisson,9,--,--,--
normal,mnist,poisson,10,--,--,--
normal,mnist,poisson,11,--,--,--
normal,mnist,poisson,12,--,--,--
normal,mnist,poisson,13,--,--,--
normal,mnist,poisson,14,--,--,--
resnet,cifar10,none,--,--,--,--
resnet,cifar10,cauchy,1,98.4375,161,87.37
resnet,cifar10,cauchy,2,96.875,131,88.66
resnet,cifar10,cauchy,3,96.875,62,85.84
resnet,cifar10,cauchy,4,96.875,75,86.94
resnet,cifar10,cauchy,5,--,--,--
resnet,cifar10,cauchy,6,--,--,--
resnet,cifar10,cauchy,7,--,--,--
resnet,cifar10,cauchy,8,--,--,--
resnet,cifar10,cauchy,9,--,--,--
resnet,cifar10,cauchy,10,--,--,--
resnet,cifar10,cauchy,11,--,--,--
resnet,cifar10,cauchy,12,--,--,--
resnet,cifar10,cauchy,13,--,--,--
resnet,cifar10,cauchy,14,--,--,--
resnet,cifar10,gaussian,1,--,--,--
resnet,cifar10,gaussian,2,--,--,--
resnet,cifar10,gaussian,3,--,--,--
resnet,cifar10,gaussian,4,--,--,--
resnet,cifar10,gaussian,5,--,--,--
resnet,cifar10,gaussian,6,--,--,--
resnet,cifar10,gaussian,7,--,--,--
resnet,cifar10,gaussian,8,--,--,--
resnet,cifar10,gaussian,9,--,--,--
resnet,cifar10,gaussian,10,--,--,--
resnet,cifar10,gaussian,11,--,--,--
resnet,cifar10,gaussian,12,--,--,--
resnet,cifar10,gaussian,13,--,--,--
resnet,cifar10,gaussian,14,--,--,--
resnet,cifar10,gumbel,1,--,--,--
resnet,cifar10,gumbel,2,--,--,--
resnet,cifar10,gumbel,3,--,--,--
resnet,cifar10,gumbel,4,--,--,--
resnet,cifar10,gumbel,5,--,--,--
resnet,cifar10,gumbel,6,--,--,--
resnet,cifar10,gumbel,7,--,--,--
resnet,cifar10,gumbel,8,--,--,--
resnet,cifar10,gumbel,9,--,--,--
resnet,cifar10,gumbel,10,--,--,--
resnet,cifar10,gumbel,11,--,--,--
resnet,cifar10,gumbel,12,--,--,--
resnet,cifar10,gumbel,13,--,--,--
resnet,cifar10,gumbel,14,--,--,--
resnet,cifar10,laplace,1,--,--,--
resnet,cifar10,laplace,2,--,--,--
resnet,cifar10,laplace,3,--,--,--
resnet,cifar10,laplace,4,--,--,--
resnet,cifar10,laplace,5,--,--,--
resnet,cifar10,laplace,6,--,--,--
resnet,cifar10,laplace,7,--,--,--
resnet,cifar10,laplace,8,--,--,--
resnet,cifar10,laplace,9,--,--,--
resnet,cifar10,laplace,10,--,--,--
resnet,cifar10,laplace,11,--,--,--
resnet,cifar10,laplace,12,--,--,--
resnet,cifar10,laplace,13,--,--,--
resnet,cifar10,laplace,14,--,--,--
resnet,cifar10,poisson,1,--,--,--
resnet,cifar10,poisson,2,--,--,--
resnet,cifar10,poisson,3,--,--,--
resnet,cifar10,poisson,4,--,--,--
resnet,cifar10,poisson,5,--,--,--
resnet,cifar10,poisson,6,--,--,--
resnet,cifar10,poisson,7,--,--,--
resnet,cifar10,poisson,8,--,--,--
resnet,cifar10,poisson,9,--,--,--
resnet,cifar10,poisson,10,--,--,--
resnet,cifar10,poisson,11,--,--,--
resnet,cifar10,poisson,12,--,--,--
resnet,cifar10,poisson,13,--,--,--
resnet,cifar10,poisson,14,--,--,--
resnet,cifar100,none,--,--,--,--
resnet,cifar100,cauchy,1,--,--,--
resnet,cifar100,cauchy,2,--,--,--
resnet,cifar100,cauchy,3,--,--,--
resnet,cifar100,cauchy,4,--,--,--
resnet,cifar100,cauchy,5,--,--,--
resnet,cifar100,cauchy,6,--,--,--
resnet,cifar100,cauchy,7,--,--,--
resnet,cifar100,cauchy,8,--,--,--
resnet,cifar100,cauchy,9,--,--,--
resnet,cifar100,cauchy,10,--,--,--
resnet,cifar100,cauchy,11,--,--,--
resnet,cifar100,cauchy,12,--,--,--
resnet,cifar100,cauchy,13,--,--,--
resnet,cifar100,cauchy,14,--,--,--
resnet,cifar100,gaussian,1,--,--,--
resnet,cifar100,gaussian,2,--,--,--
resnet,cifar100,gaussian,3,--,--,--
resnet,cifar100,gaussian,4,--,--,--
resnet,cifar100,gaussian,5,--,--,--
resnet,cifar100,gaussian,6,--,--,--
resnet,cifar100,gaussian,7,--,--,--
resnet,cifar100,gaussian,8,--,--,--
resnet,cifar100,gaussian,9,--,--,--
resnet,cifar100,gaussian,10,--,--,--
resnet,cifar100,gaussian,11,--,--,--
resnet,cifar100,gaussian,12,--,--,--
resnet,cifar100,gaussian,13,--,--,--
resnet,cifar100,gaussian,14,--,--,--
resnet,cifar100,gumbel,1,--,--,--
resnet,cifar100,gumbel,2,--,--,--
resnet,cifar100,gumbel,3,--,--,--
resnet,cifar100,gumbel,4,--,--,--
resnet,cifar100,gumbel,5,--,--,--
resnet,cifar100,gumbel,6,--,--,--
resnet,cifar100,gumbel,7,--,--,--
resnet,cifar100,gumbel,8,--,--,--
resnet,cifar100,gumbel,9,--,--,--
resnet,cifar100,gumbel,10,--,--,--
resnet,cifar100,gumbel,11,--,--,--
resnet,cifar100,gumbel,12,--,--,--
resnet,cifar100,gumbel,13,--,--,--
resnet,cifar100,gumbel,14,--,--,--
resnet,cifar100,laplace,1,--,--,--
resnet,cifar100,laplace,2,--,--,--
resnet,cifar100,laplace,3,--,--,--
resnet,cifar100,laplace,4,--,--,--
resnet,cifar100,laplace,5,--,--,--
resnet,cifar100,laplace,6,--,--,--
resnet,cifar100,laplace,7,--,--,--
resnet,cifar100,laplace,8,--,--,--
resnet,cifar100,laplace,9,--,--,--
resnet,cifar100,laplace,10,--,--,--
resnet,cifar100,laplace,11,--,--,--
resnet,cifar100,laplace,12,--,--,--
resnet,cifar100,laplace,13,--,--,--
resnet,cifar100,laplace,14,--,--,--
resnet,cifar100,poisson,1,--,--,--
resnet,cifar100,poisson,2,--,--,--
resnet,cifar100,poisson,3,--,--,--
resnet,cifar100,poisson,4,--,--,--
resnet,cifar100,poisson,5,--,--,--
resnet,cifar100,poisson,6,--,--,--
resnet,cifar100,poisson,7,--,--,--
resnet,cifar100,poisson,8,--,--,--
resnet,cifar100,poisson,9,--,--,--
resnet,cifar100,poisson,10,--,--,--
resnet,cifar100,poisson,11,--,--,--
resnet,cifar100,poisson,12,--,--,--
resnet,cifar100,poisson,13,--,--,--
resnet,cifar100,poisson,14,--,--,--
resnet,imagenet,none,--,--,--,--
resnet,imagenet,cauchy,1,--,--,--
resnet,imagenet,cauchy,2,--,--,--
resnet,imagenet,cauchy,3,--,--,--
resnet,imagenet,cauchy,4,--,--,--
resnet,imagenet,cauchy,5,--,--,--
resnet,imagenet,cauchy,6,--,--,--
resnet,imagenet,cauchy,7,--,--,--
resnet,imagenet,cauchy,8,--,--,--
resnet,imagenet,cauchy,9,--,--,--
resnet,imagenet,cauchy,10,--,--,--
resnet,imagenet,cauchy,11,--,--,--
resnet,imagenet,cauchy,12,--,--,--
resnet,imagenet,cauchy,13,--,--,--
resnet,imagenet,cauchy,14,--,--,--
resnet,imagenet,gaussian,1,--,--,--
resnet,imagenet,gaussian,2,--,--,--
resnet,imagenet,gaussian,3,--,--,--
resnet,imagenet,gaussian,4,--,--,--
resnet,imagenet,gaussian,5,--,--,--
resnet,imagenet,gaussian,6,--,--,--
resnet,imagenet,gaussian,7,--,--,--
resnet,imagenet,gaussian,8,--,--,--
resnet,imagenet,gaussian,9,--,--,--
resnet,imagenet,gaussian,10,--,--,--
resnet,imagenet,gaussian,11,--,--,--
resnet,imagenet,gaussian,12,--,--,--
resnet,imagenet,gaussian,13,--,--,--
resnet,imagenet,gaussian,14,--,--,--
resnet,imagenet,gumbel,1,--,--,--
resnet,imagenet,gumbel,2,--,--,--
resnet,imagenet,gumbel,3,--,--,--
resnet,imagenet,gumbel,4,--,--,--
resnet,imagenet,gumbel,5,--,--,--
resnet,imagenet,gumbel,6,--,--,--
resnet,imagenet,gumbel,7,--,--,--
resnet,imagenet,gumbel,8,--,--,--
resnet,imagenet,gumbel,9,--,--,--
resnet,imagenet,gumbel,10,--,--,--
resnet,imagenet,gumbel,11,--,--,--
resnet,imagenet,gumbel,12,--,--,--
resnet,imagenet,gumbel,13,--,--,--
resnet,imagenet,gumbel,14,--,--,--
resnet,imagenet,laplace,1,--,--,--
resnet,imagenet,laplace,2,--,--,--
resnet,imagenet,laplace,3,--,--,--
resnet,imagenet,laplace,4,--,--,--
resnet,imagenet,laplace,5,--,--,--
resnet,imagenet,laplace,6,--,--,--
resnet,imagenet,laplace,7,--,--,--
resnet,imagenet,laplace,8,--,--,--
resnet,imagenet,laplace,9,--,--,--
resnet,imagenet,laplace,10,--,--,--
resnet,imagenet,laplace,11,--,--,--
resnet,imagenet,laplace,12,--,--,--
resnet,imagenet,laplace,13,--,--,--
resnet,imagenet,laplace,14,--,--,--
resnet,imagenet,poisson,1,--,--,--
resnet,imagenet,poisson,2,--,--,--
resnet,imagenet,poisson,3,--,--,--
resnet,imagenet,poisson,4,--,--,--
resnet,imagenet,poisson,5,--,--,--
resnet,imagenet,poisson,6,--,--,--
resnet,imagenet,poisson,7,--,--,--
resnet,imagenet,poisson,8,--,--,--
resnet,imagenet,poisson,9,--,--,--
resnet,imagenet,poisson,10,--,--,--
resnet,imagenet,poisson,11,--,--,--
resnet,imagenet,poisson,12,--,--,--
resnet,imagenet,poisson,13,--,--,--
resnet,imagenet,poisson,14,--,--,--
resnet,mnist,none,--,--,--,--
resnet,mnist,cauchy,1,--,--,--
resnet,mnist,cauchy,2,--,--,--
resnet,mnist,cauchy,3,--,--,--
resnet,mnist,cauchy,4,--,--,--
resnet,mnist,cauchy,5,--,--,--
resnet,mnist,cauchy,6,--,--,--
resnet,mnist,cauchy,7,--,--,--
resnet,mnist,cauchy,8,--,--,--
resnet,mnist,cauchy,9,--,--,--
resnet,mnist,cauchy,10,--,--,--
resnet,mnist,cauchy,11,--,--,--
resnet,mnist,cauchy,12,--,--,--
resnet,mnist,cauchy,13,--,--,--
resnet,mnist,cauchy,14,--,--,--
resnet,mnist,gaussian,1,--,--,--
resnet,mnist,gaussian,2,--,--,--
resnet,mnist,gaussian,3,--,--,--
resnet,mnist,gaussian,4,--,--,--
resnet,mnist,gaussian,5,--,--,--
resnet,mnist,gaussian,6,--,--,--
resnet,mnist,gaussian,7,--,--,--
resnet,mnist,gaussian,8,--,--,--
resnet,mnist,gaussian,9,--,--,--
resnet,mnist,gaussian,10,--,--,--
resnet,mnist,gaussian,11,--,--,--
resnet,mnist,gaussian,12,--,--,--
resnet,mnist,gaussian,13,--,--,--
resnet,mnist,gaussian,14,--,--,--
resnet,mnist,gumbel,1,--,--,--
resnet,mnist,gumbel,2,--,--,--
resnet,mnist,gumbel,3,--,--,--
resnet,mnist,gumbel,4,--,--,--
resnet,mnist,gumbel,5,--,--,--
resnet,mnist,gumbel,6,--,--,--
resnet,mnist,gumbel,7,--,--,--
resnet,mnist,gumbel,8,--,--,--
resnet,mnist,gumbel,9,--,--,--
resnet,mnist,gumbel,10,--,--,--
resnet,mnist,gumbel,11,--,--,--
resnet,mnist,gumbel,12,--,--,--
resnet,mnist,gumbel,13,--,--,--
resnet,mnist,gumbel,14,--,--,--
resnet,mnist,laplace,1,--,--,--
resnet,mnist,laplace,2,--,--,--
resnet,mnist,laplace,3,--,--,--
resnet,mnist,laplace,4,--,--,--
resnet,mnist,laplace,5,--,--,--
resnet,mnist,laplace,6,--,--,--
resnet,mnist,laplace,7,--,--,--
resnet,mnist,laplace,8,--,--,--
resnet,mnist,laplace,9,--,--,--
resnet,mnist,laplace,10,--,--,--
resnet,mnist,laplace,11,--,--,--
resnet,mnist,laplace,12,--,--,--
resnet,mnist,laplace,13,--,--,--
resnet,mnist,laplace,14,--,--,--
resnet,mnist,poisson,1,--,--,--
resnet,mnist,poisson,2,--,--,--
resnet,mnist,poisson,3,--,--,--
resnet,mnist,poisson,4,--,--,--
resnet,mnist,poisson,5,--,--,--
resnet,mnist,poisson,6,--,--,--
resnet,mnist,poisson,7,--,--,--
resnet,mnist,poisson,8,--,--,--
resnet,mnist,poisson,9,--,--,--
resnet,mnist,poisson,10,--,--,--
resnet,mnist,poisson,11,--,--,--
resnet,mnist,poisson,12,--,--,--
resnet,mnist,poisson,13,--,--,--
resnet,mnist,poisson,14,--,--,--
vgg,cifar10,none,--,--,--,--
vgg,cifar10,cauchy,1,--,--,--
vgg,cifar10,cauchy,2,--,--,--
vgg,cifar10,cauchy,3,--,--,--
vgg,cifar10,cauchy,4,--,--,--
vgg,cifar10,cauchy,5,--,--,--
vgg,cifar10,cauchy,6,--,--,--
vgg,cifar10,cauchy,7,--,--,--
vgg,cifar10,cauchy,8,--,--,--
vgg,cifar10,cauchy,9,--,--,--
vgg,cifar10,cauchy,10,--,--,--
vgg,cifar10,cauchy,11,--,--,--
vgg,cifar10,cauchy,12,--,--,--
vgg,cifar10,cauchy,13,--,--,--
vgg,cifar10,cauchy,14,--,--,--
vgg,cifar10,gaussian,1,--,--,--
vgg,cifar10,gaussian,2,--,--,--
vgg,cifar10,gaussian,3,--,--,--
vgg,cifar10,gaussian,4,--,--,--
vgg,cifar10,gaussian,5,--,--,--
vgg,cifar10,gaussian,6,--,--,--
vgg,cifar10,gaussian,7,--,--,--
vgg,cifar10,gaussian,8,--,--,--
vgg,cifar10,gaussian,9,--,--,--
vgg,cifar10,gaussian,10,--,--,--
vgg,cifar10,gaussian,11,--,--,--
vgg,cifar10,gaussian,12,--,--,--
vgg,cifar10,gaussian,13,--,--,--
vgg,cifar10,gaussian,14,--,--,--
vgg,cifar10,gumbel,1,--,--,--
vgg,cifar10,gumbel,2,--,--,--
vgg,cifar10,gumbel,3,--,--,--
vgg,cifar10,gumbel,4,--,--,--
vgg,cifar10,gumbel,5,--,--,--
vgg,cifar10,gumbel,6,--,--,--
vgg,cifar10,gumbel,7,--,--,--
vgg,cifar10,gumbel,8,--,--,--
vgg,cifar10,gumbel,9,--,--,--
vgg,cifar10,gumbel,10,--,--,--
vgg,cifar10,gumbel,11,--,--,--
vgg,cifar10,gumbel,12,--,--,--
vgg,cifar10,gumbel,13,--,--,--
vgg,cifar10,gumbel,14,--,--,--
vgg,cifar10,laplace,1,--,--,--
vgg,cifar10,laplace,2,--,--,--
vgg,cifar10,laplace,3,--,--,--
vgg,cifar10,laplace,4,--,--,--
vgg,cifar10,laplace,5,--,--,--
vgg,cifar10,laplace,6,--,--,--
vgg,cifar10,laplace,7,--,--,--
vgg,cifar10,laplace,8,--,--,--
vgg,cifar10,laplace,9,--,--,--
vgg,cifar10,laplace,10,--,--,--
vgg,cifar10,laplace,11,--,--,--
vgg,cifar10,laplace,12,--,--,--
vgg,cifar10,laplace,13,--,--,--
vgg,cifar10,laplace,14,--,--,--
vgg,cifar10,poisson,1,--,--,--
vgg,cifar10,poisson,2,--,--,--
vgg,cifar10,poisson,3,--,--,--
vgg,cifar10,poisson,4,--,--,--
vgg,cifar10,poisson,5,--,--,--
vgg,cifar10,poisson,6,--,--,--
vgg,cifar10,poisson,7,--,--,--
vgg,cifar10,poisson,8,--,--,--
vgg,cifar10,poisson,9,--,--,--
vgg,cifar10,poisson,10,--,--,--
vgg,cifar10,poisson,11,--,--,--
vgg,cifar10,poisson,12,--,--,--
vgg,cifar10,poisson,13,--,--,--
vgg,cifar10,poisson,14,--,--,--
vgg,cifar100,none,--,--,--,--
vgg,cifar100,cauchy,1,--,--,--
vgg,cifar100,cauchy,2,--,--,--
vgg,cifar100,cauchy,3,--,--,--
vgg,cifar100,cauchy,4,--,--,--
vgg,cifar100,cauchy,5,--,--,--
vgg,cifar100,cauchy,6,--,--,--
vgg,cifar100,cauchy,7,--,--,--
vgg,cifar100,cauchy,8,--,--,--
vgg,cifar100,cauchy,9,--,--,--
vgg,cifar100,cauchy,10,--,--,--
vgg,cifar100,cauchy,11,--,--,--
vgg,cifar100,cauchy,12,--,--,--
vgg,cifar100,cauchy,13,--,--,--
vgg,cifar100,cauchy,14,--,--,--
vgg,cifar100,gaussian,1,--,--,--
vgg,cifar100,gaussian,2,--,--,--
vgg,cifar100,gaussian,3,--,--,--
vgg,cifar100,gaussian,4,--,--,--
vgg,cifar100,gaussian,5,--,--,--
vgg,cifar100,gaussian,6,--,--,--
vgg,cifar100,gaussian,7,--,--,--
vgg,cifar100,gaussian,8,--,--,--
vgg,cifar100,gaussian,9,--,--,--
vgg,cifar100,gaussian,10,--,--,--
vgg,cifar100,gaussian,11,--,--,--
vgg,cifar100,gaussian,12,--,--,--
vgg,cifar100,gaussian,13,--,--,--
vgg,cifar100,gaussian,14,--,--,--
vgg,cifar100,gumbel,1,--,--,--
vgg,cifar100,gumbel,2,--,--,--
vgg,cifar100,gumbel,3,--,--,--
vgg,cifar100,gumbel,4,--,--,--
vgg,cifar100,gumbel,5,--,--,--
vgg,cifar100,gumbel,6,--,--,--
vgg,cifar100,gumbel,7,--,--,--
vgg,cifar100,gumbel,8,--,--,--
vgg,cifar100,gumbel,9,--,--,--
vgg,cifar100,gumbel,10,--,--,--
vgg,cifar100,gumbel,11,--,--,--
vgg,cifar100,gumbel,12,--,--,--
vgg,cifar100,gumbel,13,--,--,--
vgg,cifar100,gumbel,14,--,--,--
vgg,cifar100,laplace,1,--,--,--
vgg,cifar100,laplace,2,--,--,--
vgg,cifar100,laplace,3,--,--,--
vgg,cifar100,laplace,4,--,--,--
vgg,cifar100,laplace,5,--,--,--
vgg,cifar100,laplace,6,--,--,--
vgg,cifar100,laplace,7,--,--,--
vgg,cifar100,laplace,8,--,--,--
vgg,cifar100,laplace,9,--,--,--
vgg,cifar100,laplace,10,--,--,--
vgg,cifar100,laplace,11,--,--,--
vgg,cifar100,laplace,12,--,--,--
vgg,cifar100,laplace,13,--,--,--
vgg,cifar100,laplace,14,--,--,--
vgg,cifar100,poisson,1,--,--,--
vgg,cifar100,poisson,2,--,--,--
vgg,cifar100,poisson,3,--,--,--
vgg,cifar100,poisson,4,--,--,--
vgg,cifar100,poisson,5,--,--,--
vgg,cifar100,poisson,6,--,--,--
vgg,cifar100,poisson,7,--,--,--
vgg,cifar100,poisson,8,--,--,--
vgg,cifar100,poisson,9,--,--,--
vgg,cifar100,poisson,10,--,--,--
vgg,cifar100,poisson,11,--,--,--
vgg,cifar100,poisson,12,--,--,--
vgg,cifar100,poisson,13,--,--,--
vgg,cifar100,poisson,14,--,--,--
vgg,imagenet,none,--,--,--,--
vgg,imagenet,cauchy,1,--,--,--
vgg,imagenet,cauchy,2,--,--,--
vgg,imagenet,cauchy,3,--,--,--
vgg,imagenet,cauchy,4,--,--,--
vgg,imagenet,cauchy,5,--,--,--
vgg,imagenet,cauchy,6,--,--,--
vgg,imagenet,cauchy,7,--,--,--
vgg,imagenet,cauchy,8,--,--,--
vgg,imagenet,cauchy,9,--,--,--
vgg,imagenet,cauchy,10,--,--,--
vgg,imagenet,cauchy,11,--,--,--
vgg,imagenet,cauchy,12,--,--,--
vgg,imagenet,cauchy,13,--,--,--
vgg,imagenet,cauchy,14,--,--,--
vgg,imagenet,gaussian,1,--,--,--
vgg,imagenet,gaussian,2,--,--,--
vgg,imagenet,gaussian,3,--,--,--
vgg,imagenet,gaussian,4,--,--,--
vgg,imagenet,gaussian,5,--,--,--
vgg,imagenet,gaussian,6,--,--,--
vgg,imagenet,gaussian,7,--,--,--
vgg,imagenet,gaussian,8,--,--,--
vgg,imagenet,gaussian,9,--,--,--
vgg,imagenet,gaussian,10,--,--,--
vgg,imagenet,gaussian,11,--,--,--
vgg,imagenet,gaussian,12,--,--,--
vgg,imagenet,gaussian,13,--,--,--
vgg,imagenet,gaussian,14,--,--,--
vgg,imagenet,gumbel,1,--,--,--
vgg,imagenet,gumbel,2,--,--,--
vgg,imagenet,gumbel,3,--,--,--
vgg,imagenet,gumbel,4,--,--,--
vgg,imagenet,gumbel,5,--,--,--
vgg,imagenet,gumbel,6,--,--,--
vgg,imagenet,gumbel,7,--,--,--
vgg,imagenet,gumbel,8,--,--,--
vgg,imagenet,gumbel,9,--,--,--
vgg,imagenet,gumbel,10,--,--,--
vgg,imagenet,gumbel,11,--,--,--
vgg,imagenet,gumbel,12,--,--,--
vgg,imagenet,gumbel,13,--,--,--
vgg,imagenet,gumbel,14,--,--,--
vgg,imagenet,laplace,1,--,--,--
vgg,imagenet,laplace,2,--,--,--
vgg,imagenet,laplace,3,--,--,--
vgg,imagenet,laplace,4,--,--,--
vgg,imagenet,laplace,5,--,--,--
vgg,imagenet,laplace,6,--,--,--
vgg,imagenet,laplace,7,--,--,--
vgg,imagenet,laplace,8,--,--,--
vgg,imagenet,laplace,9,--,--,--
vgg,imagenet,laplace,10,--,--,--
vgg,imagenet,laplace,11,--,--,--
vgg,imagenet,laplace,12,--,--,--
vgg,imagenet,laplace,13,--,--,--
vgg,imagenet,laplace,14,--,--,--
vgg,imagenet,poisson,1,--,--,--
vgg,imagenet,poisson,2,--,--,--
vgg,imagenet,poisson,3,--,--,--
vgg,imagenet,poisson,4,--,--,--
vgg,imagenet,poisson,5,--,--,--
vgg,imagenet,poisson,6,--,--,--
vgg,imagenet,poisson,7,--,--,--
vgg,imagenet,poisson,8,--,--,--
vgg,imagenet,poisson,9,--,--,--
vgg,imagenet,poisson,10,--,--,--
vgg,imagenet,poisson,11,--,--,--
vgg,imagenet,poisson,12,--,--,--
vgg,imagenet,poisson,13,--,--,--
vgg,imagenet,poisson,14,--,--,--
vgg,mnist,none,--,--,--,--
vgg,mnist,cauchy,1,--,--,--
vgg,mnist,cauchy,2,--,--,--
vgg,mnist,cauchy,3,--,--,--
vgg,mnist,cauchy,4,--,--,--
vgg,mnist,cauchy,5,--,--,--
vgg,mnist,cauchy,6,--,--,--
vgg,mnist,cauchy,7,--,--,--
vgg,mnist,cauchy,8,--,--,--
vgg,mnist,cauchy,9,--,--,--
vgg,mnist,cauchy,10,--,--,--
vgg,mnist,cauchy,11,--,--,--
vgg,mnist,cauchy,12,--,--,--
vgg,mnist,cauchy,13,--,--,--
vgg,mnist,cauchy,14,--,--,--
vgg,mnist,gaussian,1,--,--,--
vgg,mnist,gaussian,2,--,--,--
vgg,mnist,gaussian,3,--,--,--
vgg,mnist,gaussian,4,--,--,--
vgg,mnist,gaussian,5,--,--,--
vgg,mnist,gaussian,6,--,--,--
vgg,mnist,gaussian,7,--,--,--
vgg,mnist,gaussian,8,--,--,--
vgg,mnist,gaussian,9,--,--,--
vgg,mnist,gaussian,10,--,--,--
vgg,mnist,gaussian,11,--,--,--
vgg,mnist,gaussian,12,--,--,--
vgg,mnist,gaussian,13,--,--,--
vgg,mnist,gaussian,14,--,--,--
vgg,mnist,gumbel,1,--,--,--
vgg,mnist,gumbel,2,--,--,--
vgg,mnist,gumbel,3,--,--,--
vgg,mnist,gumbel,4,--,--,--
vgg,mnist,gumbel,5,--,--,--
vgg,mnist,gumbel,6,--,--,--
vgg,mnist,gumbel,7,--,--,--
vgg,mnist,gumbel,8,--,--,--
vgg,mnist,gumbel,9,--,--,--
vgg,mnist,gumbel,10,--,--,--
vgg,mnist,gumbel,11,--,--,--
vgg,mnist,gumbel,12,--,--,--
vgg,mnist,gumbel,13,--,--,--
vgg,mnist,gumbel,14,--,--,--
vgg,mnist,laplace,1,--,--,--
vgg,mnist,laplace,2,--,--,--
vgg,mnist,laplace,3,--,--,--
vgg,mnist,laplace,4,--,--,--
vgg,mnist,laplace,5,--,--,--
vgg,mnist,laplace,6,--,--,--
vgg,mnist,laplace,7,--,--,--
vgg,mnist,laplace,8,--,--,--
vgg,mnist,laplace,9,--,--,--
vgg,mnist,laplace,10,--,--,--
vgg,mnist,laplace,11,--,--,--
vgg,mnist,laplace,12,--,--,--
vgg,mnist,laplace,13,--,--,--
vgg,mnist,laplace,14,--,--,--
vgg,mnist,poisson,1,--,--,--
vgg,mnist,poisson,2,--,--,--
vgg,mnist,poisson,3,--,--,--
vgg,mnist,poisson,4,--,--,--
vgg,mnist,poisson,5,--,--,--
vgg,mnist,poisson,6,--,--,--
vgg,mnist,poisson,7,--,--,--
vgg,mnist,poisson,8,--,--,--
vgg,mnist,poisson,9,--,--,--
vgg,mnist,poisson,10,--,--,--
vgg,mnist,poisson,11,--,--,--
vgg,mnist,poisson,12,--,--,--
vgg,mnist,poisson,13,--,--,--
vgg,mnist,poisson,14,--,--,--
