MODEL,DATASET,DISTRIBUTION,KERNEL TYPE,BEST ACCURACY,EPOCH,TEST ACCURACY
normal,cifar10,none,--,--,--,--
normal,cifar10,cauchy,1,92.19,108,82.57
normal,cifar10,cauchy,2,93.75,99,82.55
normal,cifar10,cauchy,3,92.19,106,82.06
normal,cifar10,cauchy,4,92.19,134,81.53
normal,cifar10,cauchy,5,93.75,105,81.66
normal,cifar10,cauchy,6,92.19,137,82.33
normal,cifar10,cauchy,7,93.75,99,81.64
normal,cifar10,cauchy,8,92.19,190,80.15
normal,cifar10,cauchy,9,92.19,73,79.25999999999999
normal,cifar10,cauchy,10,92.19,67,82.59
normal,cifar10,cauchy,11,93.75,103,79.13
normal,cifar10,cauchy,12,95.31,98,81.81
normal,cifar10,cauchy,13,93.75,149,82.92
normal,cifar10,cauchy,14,95.31,118,79.97999999999999
normal,cifar10,gaussian,1,92.19,49,81.73
normal,cifar10,gaussian,2,93.75,78,81.15
normal,cifar10,gaussian,3,93.75,74,82.78
normal,cifar10,gaussian,4,93.75,170,81.45
normal,cifar10,gaussian,5,90.62,133,83.31
normal,cifar10,gaussian,6,92.19,58,82.61
normal,cifar10,gaussian,7,96.88,123,83.43
normal,cifar10,gaussian,8,95.31,142,79.5
normal,cifar10,gaussian,9,93.75,135,82.89
normal,cifar10,gaussian,10,98.44,68,83.32000000000001
normal,cifar10,gaussian,11,93.75,160,82.01
normal,cifar10,gaussian,12,92.19,69,83.82
normal,cifar10,gaussian,13,92.19,107,83.7
normal,cifar10,gaussian,14,96.88,194,78.88
normal,cifar10,gumbel,1,92.19,90,83.75
normal,cifar10,gumbel,2,96.88,191,84.84
normal,cifar10,gumbel,3,96.88,132,82.07
normal,cifar10,gumbel,4,92.19,78,82.11
normal,cifar10,gumbel,5,95.31,138,82.63000000000001
normal,cifar10,gumbel,6,93.75,146,83.22
normal,cifar10,gumbel,7,93.75,84,83.15
normal,cifar10,gumbel,8,95.31,187,83.67999999999999
normal,cifar10,gumbel,9,92.19,184,81.26
normal,cifar10,gumbel,10,96.88,63,84.72
normal,cifar10,gumbel,11,93.75,110,82.05
normal,cifar10,gumbel,12,92.19,58,84.00999999999999
normal,cifar10,gumbel,13,93.75,159,84.03
normal,cifar10,gumbel,14,95.31,200,84.2
normal,cifar10,laplace,1,93.75,93,83.74000000000001
normal,cifar10,laplace,2,96.88,177,83.59
normal,cifar10,laplace,3,93.75,138,81.46
normal,cifar10,laplace,4,92.19,51,82.04
normal,cifar10,laplace,5,93.75,107,82.89
normal,cifar10,laplace,6,92.19,73,82.6
normal,cifar10,laplace,7,90.62,44,83.44
normal,cifar10,laplace,8,93.75,96,81.27
normal,cifar10,laplace,9,92.19,78,82.15
normal,cifar10,laplace,10,95.31,97,83.42
normal,cifar10,laplace,11,92.19,64,80.47999999999999
normal,cifar10,laplace,12,93.75,157,79.35
normal,cifar10,laplace,13,95.31,188,83.54
normal,cifar10,laplace,14,93.75,87,84.06
normal,cifar10,poisson,1,53.12,1,10.0
normal,cifar10,poisson,2,42.17,1,10.0
normal,cifar10,poisson,3,45.02,1,10.0
normal,cifar10,poisson,4,54.69,1,10.0
normal,cifar10,poisson,5,45.52,1,10.0
normal,cifar10,poisson,6,53.12,1,10.0
normal,cifar10,poisson,7,53.12,1,10.0
normal,cifar10,poisson,8,44.32,1,10.0
normal,cifar10,poisson,9,47.09,1,10.0
normal,cifar10,poisson,10,48.96,1,10.0
normal,cifar10,poisson,11,46.56,1,10.0
normal,cifar10,poisson,12,51.56,1,10.0
normal,cifar10,poisson,13,46.51,1,10.0
normal,cifar10,poisson,14,--,--,--
normal,cifar100,none,--,--,--,--
normal,cifar100,cauchy,1,--,--,--
normal,cifar100,cauchy,2,--,--,--
normal,cifar100,cauchy,3,--,--,--
normal,cifar100,cauchy,4,--,--,--
normal,cifar100,cauchy,5,--,--,--
normal,cifar100,cauchy,6,--,--,--
normal,cifar100,cauchy,7,--,--,--
normal,cifar100,cauchy,8,--,--,--
normal,cifar100,cauchy,9,--,--,--
normal,cifar100,cauchy,10,--,--,--
normal,cifar100,cauchy,11,--,--,--
normal,cifar100,cauchy,12,--,--,--
normal,cifar100,cauchy,13,--,--,--
normal,cifar100,cauchy,14,--,--,--
normal,cifar100,gaussian,1,--,--,--
normal,cifar100,gaussian,2,--,--,--
normal,cifar100,gaussian,3,--,--,--
normal,cifar100,gaussian,4,--,--,--
normal,cifar100,gaussian,5,--,--,--
normal,cifar100,gaussian,6,--,--,--
normal,cifar100,gaussian,7,--,--,--
normal,cifar100,gaussian,8,--,--,--
normal,cifar100,gaussian,9,--,--,--
normal,cifar100,gaussian,10,--,--,--
normal,cifar100,gaussian,11,--,--,--
normal,cifar100,gaussian,12,--,--,--
normal,cifar100,gaussian,13,--,--,--
normal,cifar100,gaussian,14,--,--,--
normal,cifar100,gumbel,1,--,--,--
normal,cifar100,gumbel,2,--,--,--
normal,cifar100,gumbel,3,--,--,--
normal,cifar100,gumbel,4,--,--,--
normal,cifar100,gumbel,5,--,--,--
normal,cifar100,gumbel,6,--,--,--
normal,cifar100,gumbel,7,--,--,--
normal,cifar100,gumbel,8,--,--,--
normal,cifar100,gumbel,9,--,--,--
normal,cifar100,gumbel,10,--,--,--
normal,cifar100,gumbel,11,--,--,--
normal,cifar100,gumbel,12,--,--,--
normal,cifar100,gumbel,13,--,--,--
normal,cifar100,gumbel,14,--,--,--
normal,cifar100,laplace,1,--,--,--
normal,cifar100,laplace,2,--,--,--
normal,cifar100,laplace,3,--,--,--
normal,cifar100,laplace,4,--,--,--
normal,cifar100,laplace,5,--,--,--
normal,cifar100,laplace,6,--,--,--
normal,cifar100,laplace,7,--,--,--
normal,cifar100,laplace,8,--,--,--
normal,cifar100,laplace,9,--,--,--
normal,cifar100,laplace,10,--,--,--
normal,cifar100,laplace,11,--,--,--
normal,cifar100,laplace,12,--,--,--
normal,cifar100,laplace,13,--,--,--
normal,cifar100,laplace,14,--,--,--
normal,cifar100,poisson,1,--,--,--
normal,cifar100,poisson,2,--,--,--
normal,cifar100,poisson,3,--,--,--
normal,cifar100,poisson,4,--,--,--
normal,cifar100,poisson,5,--,--,--
normal,cifar100,poisson,6,--,--,--
normal,cifar100,poisson,7,--,--,--
normal,cifar100,poisson,8,--,--,--
normal,cifar100,poisson,9,--,--,--
normal,cifar100,poisson,10,--,--,--
normal,cifar100,poisson,11,--,--,--
normal,cifar100,poisson,12,--,--,--
normal,cifar100,poisson,13,--,--,--
normal,cifar100,poisson,14,--,--,--
normal,mnist,none,--,--,--,--
normal,mnist,cauchy,1,--,--,--
normal,mnist,cauchy,2,--,--,--
normal,mnist,cauchy,3,--,--,--
normal,mnist,cauchy,4,--,--,--
normal,mnist,cauchy,5,--,--,--
normal,mnist,cauchy,6,--,--,--
normal,mnist,cauchy,7,--,--,--
normal,mnist,cauchy,8,--,--,--
normal,mnist,cauchy,9,--,--,--
normal,mnist,cauchy,10,--,--,--
normal,mnist,cauchy,11,--,--,--
normal,mnist,cauchy,12,--,--,--
normal,mnist,cauchy,13,--,--,--
normal,mnist,cauchy,14,--,--,--
normal,mnist,gaussian,1,--,--,--
normal,mnist,gaussian,2,--,--,--
normal,mnist,gaussian,3,--,--,--
normal,mnist,gaussian,4,--,--,--
normal,mnist,gaussian,5,--,--,--
normal,mnist,gaussian,6,--,--,--
normal,mnist,gaussian,7,--,--,--
normal,mnist,gaussian,8,--,--,--
normal,mnist,gaussian,9,--,--,--
normal,mnist,gaussian,10,--,--,--
normal,mnist,gaussian,11,--,--,--
normal,mnist,gaussian,12,--,--,--
normal,mnist,gaussian,13,--,--,--
normal,mnist,gaussian,14,--,--,--
normal,mnist,gumbel,1,--,--,--
normal,mnist,gumbel,2,--,--,--
normal,mnist,gumbel,3,--,--,--
normal,mnist,gumbel,4,--,--,--
normal,mnist,gumbel,5,--,--,--
normal,mnist,gumbel,6,--,--,--
normal,mnist,gumbel,7,--,--,--
normal,mnist,gumbel,8,--,--,--
normal,mnist,gumbel,9,--,--,--
normal,mnist,gumbel,10,--,--,--
normal,mnist,gumbel,11,--,--,--
normal,mnist,gumbel,12,--,--,--
normal,mnist,gumbel,13,--,--,--
normal,mnist,gumbel,14,--,--,--
normal,mnist,laplace,1,--,--,--
normal,mnist,laplace,2,--,--,--
normal,mnist,laplace,3,--,--,--
normal,mnist,laplace,4,--,--,--
normal,mnist,laplace,5,--,--,--
normal,mnist,laplace,6,--,--,--
normal,mnist,laplace,7,--,--,--
normal,mnist,laplace,8,--,--,--
normal,mnist,laplace,9,--,--,--
normal,mnist,laplace,10,--,--,--
normal,mnist,laplace,11,--,--,--
normal,mnist,laplace,12,--,--,--
normal,mnist,laplace,13,--,--,--
normal,mnist,laplace,14,--,--,--
normal,mnist,poisson,1,--,--,--
normal,mnist,poisson,2,--,--,--
normal,mnist,poisson,3,--,--,--
normal,mnist,poisson,4,--,--,--
normal,mnist,poisson,5,--,--,--
normal,mnist,poisson,6,--,--,--
normal,mnist,poisson,7,--,--,--
normal,mnist,poisson,8,--,--,--
normal,mnist,poisson,9,--,--,--
normal,mnist,poisson,10,--,--,--
normal,mnist,poisson,11,--,--,--
normal,mnist,poisson,12,--,--,--
normal,mnist,poisson,13,--,--,--
normal,mnist,poisson,14,--,--,--
normal,svhn,none,--,--,--,--
normal,svhn,cauchy,1,--,--,--
normal,svhn,cauchy,2,--,--,--
normal,svhn,cauchy,3,--,--,--
normal,svhn,cauchy,4,--,--,--
normal,svhn,cauchy,5,--,--,--
normal,svhn,cauchy,6,--,--,--
normal,svhn,cauchy,7,--,--,--
normal,svhn,cauchy,8,--,--,--
normal,svhn,cauchy,9,--,--,--
normal,svhn,cauchy,10,--,--,--
normal,svhn,cauchy,11,--,--,--
normal,svhn,cauchy,12,--,--,--
normal,svhn,cauchy,13,--,--,--
normal,svhn,cauchy,14,--,--,--
normal,svhn,gaussian,1,--,--,--
normal,svhn,gaussian,2,--,--,--
normal,svhn,gaussian,3,--,--,--
normal,svhn,gaussian,4,--,--,--
normal,svhn,gaussian,5,--,--,--
normal,svhn,gaussian,6,--,--,--
normal,svhn,gaussian,7,--,--,--
normal,svhn,gaussian,8,--,--,--
normal,svhn,gaussian,9,--,--,--
normal,svhn,gaussian,10,--,--,--
normal,svhn,gaussian,11,--,--,--
normal,svhn,gaussian,12,--,--,--
normal,svhn,gaussian,13,--,--,--
normal,svhn,gaussian,14,--,--,--
normal,svhn,gumbel,1,--,--,--
normal,svhn,gumbel,2,--,--,--
normal,svhn,gumbel,3,--,--,--
normal,svhn,gumbel,4,--,--,--
normal,svhn,gumbel,5,--,--,--
normal,svhn,gumbel,6,--,--,--
normal,svhn,gumbel,7,--,--,--
normal,svhn,gumbel,8,--,--,--
normal,svhn,gumbel,9,--,--,--
normal,svhn,gumbel,10,--,--,--
normal,svhn,gumbel,11,--,--,--
normal,svhn,gumbel,12,--,--,--
normal,svhn,gumbel,13,--,--,--
normal,svhn,gumbel,14,--,--,--
normal,svhn,laplace,1,--,--,--
normal,svhn,laplace,2,--,--,--
normal,svhn,laplace,3,--,--,--
normal,svhn,laplace,4,--,--,--
normal,svhn,laplace,5,--,--,--
normal,svhn,laplace,6,--,--,--
normal,svhn,laplace,7,--,--,--
normal,svhn,laplace,8,--,--,--
normal,svhn,laplace,9,--,--,--
normal,svhn,laplace,10,--,--,--
normal,svhn,laplace,11,--,--,--
normal,svhn,laplace,12,--,--,--
normal,svhn,laplace,13,--,--,--
normal,svhn,laplace,14,--,--,--
normal,svhn,poisson,1,--,--,--
normal,svhn,poisson,2,--,--,--
normal,svhn,poisson,3,--,--,--
normal,svhn,poisson,4,--,--,--
normal,svhn,poisson,5,--,--,--
normal,svhn,poisson,6,--,--,--
normal,svhn,poisson,7,--,--,--
normal,svhn,poisson,8,--,--,--
normal,svhn,poisson,9,--,--,--
normal,svhn,poisson,10,--,--,--
normal,svhn,poisson,11,--,--,--
normal,svhn,poisson,12,--,--,--
normal,svhn,poisson,13,--,--,--
normal,svhn,poisson,14,--,--,--
resnet,cifar10,none,--,--,--,--
resnet,cifar10,cauchy,1,--,--,--
resnet,cifar10,cauchy,2,--,--,--
resnet,cifar10,cauchy,3,--,--,--
resnet,cifar10,cauchy,4,--,--,--
resnet,cifar10,cauchy,5,--,--,--
resnet,cifar10,cauchy,6,--,--,--
resnet,cifar10,cauchy,7,--,--,--
resnet,cifar10,cauchy,8,--,--,--
resnet,cifar10,cauchy,9,--,--,--
resnet,cifar10,cauchy,10,--,--,--
resnet,cifar10,cauchy,11,--,--,--
resnet,cifar10,cauchy,12,--,--,--
resnet,cifar10,cauchy,13,--,--,--
resnet,cifar10,cauchy,14,--,--,--
resnet,cifar10,gaussian,1,--,--,--
resnet,cifar10,gaussian,2,--,--,--
resnet,cifar10,gaussian,3,--,--,--
resnet,cifar10,gaussian,4,--,--,--
resnet,cifar10,gaussian,5,--,--,--
resnet,cifar10,gaussian,6,--,--,--
resnet,cifar10,gaussian,7,--,--,--
resnet,cifar10,gaussian,8,--,--,--
resnet,cifar10,gaussian,9,--,--,--
resnet,cifar10,gaussian,10,--,--,--
resnet,cifar10,gaussian,11,--,--,--
resnet,cifar10,gaussian,12,--,--,--
resnet,cifar10,gaussian,13,--,--,--
resnet,cifar10,gaussian,14,--,--,--
resnet,cifar10,gumbel,1,--,--,--
resnet,cifar10,gumbel,2,--,--,--
resnet,cifar10,gumbel,3,--,--,--
resnet,cifar10,gumbel,4,--,--,--
resnet,cifar10,gumbel,5,--,--,--
resnet,cifar10,gumbel,6,--,--,--
resnet,cifar10,gumbel,7,--,--,--
resnet,cifar10,gumbel,8,--,--,--
resnet,cifar10,gumbel,9,--,--,--
resnet,cifar10,gumbel,10,--,--,--
resnet,cifar10,gumbel,11,--,--,--
resnet,cifar10,gumbel,12,--,--,--
resnet,cifar10,gumbel,13,--,--,--
resnet,cifar10,gumbel,14,--,--,--
resnet,cifar10,laplace,1,--,--,--
resnet,cifar10,laplace,2,--,--,--
resnet,cifar10,laplace,3,--,--,--
resnet,cifar10,laplace,4,--,--,--
resnet,cifar10,laplace,5,--,--,--
resnet,cifar10,laplace,6,--,--,--
resnet,cifar10,laplace,7,--,--,--
resnet,cifar10,laplace,8,--,--,--
resnet,cifar10,laplace,9,--,--,--
resnet,cifar10,laplace,10,--,--,--
resnet,cifar10,laplace,11,--,--,--
resnet,cifar10,laplace,12,--,--,--
resnet,cifar10,laplace,13,--,--,--
resnet,cifar10,laplace,14,--,--,--
resnet,cifar10,poisson,1,--,--,--
resnet,cifar10,poisson,2,--,--,--
resnet,cifar10,poisson,3,--,--,--
resnet,cifar10,poisson,4,--,--,--
resnet,cifar10,poisson,5,--,--,--
resnet,cifar10,poisson,6,--,--,--
resnet,cifar10,poisson,7,--,--,--
resnet,cifar10,poisson,8,--,--,--
resnet,cifar10,poisson,9,--,--,--
resnet,cifar10,poisson,10,--,--,--
resnet,cifar10,poisson,11,--,--,--
resnet,cifar10,poisson,12,--,--,--
resnet,cifar10,poisson,13,--,--,--
resnet,cifar10,poisson,14,--,--,--
resnet,cifar100,none,--,--,--,--
resnet,cifar100,cauchy,1,--,--,--
resnet,cifar100,cauchy,2,--,--,--
resnet,cifar100,cauchy,3,--,--,--
resnet,cifar100,cauchy,4,--,--,--
resnet,cifar100,cauchy,5,--,--,--
resnet,cifar100,cauchy,6,--,--,--
resnet,cifar100,cauchy,7,--,--,--
resnet,cifar100,cauchy,8,--,--,--
resnet,cifar100,cauchy,9,--,--,--
resnet,cifar100,cauchy,10,--,--,--
resnet,cifar100,cauchy,11,--,--,--
resnet,cifar100,cauchy,12,--,--,--
resnet,cifar100,cauchy,13,--,--,--
resnet,cifar100,cauchy,14,--,--,--
resnet,cifar100,gaussian,1,--,--,--
resnet,cifar100,gaussian,2,--,--,--
resnet,cifar100,gaussian,3,--,--,--
resnet,cifar100,gaussian,4,--,--,--
resnet,cifar100,gaussian,5,--,--,--
resnet,cifar100,gaussian,6,--,--,--
resnet,cifar100,gaussian,7,--,--,--
resnet,cifar100,gaussian,8,--,--,--
resnet,cifar100,gaussian,9,--,--,--
resnet,cifar100,gaussian,10,--,--,--
resnet,cifar100,gaussian,11,--,--,--
resnet,cifar100,gaussian,12,--,--,--
resnet,cifar100,gaussian,13,--,--,--
resnet,cifar100,gaussian,14,--,--,--
resnet,cifar100,gumbel,1,--,--,--
resnet,cifar100,gumbel,2,--,--,--
resnet,cifar100,gumbel,3,--,--,--
resnet,cifar100,gumbel,4,--,--,--
resnet,cifar100,gumbel,5,--,--,--
resnet,cifar100,gumbel,6,--,--,--
resnet,cifar100,gumbel,7,--,--,--
resnet,cifar100,gumbel,8,--,--,--
resnet,cifar100,gumbel,9,--,--,--
resnet,cifar100,gumbel,10,--,--,--
resnet,cifar100,gumbel,11,--,--,--
resnet,cifar100,gumbel,12,--,--,--
resnet,cifar100,gumbel,13,--,--,--
resnet,cifar100,gumbel,14,--,--,--
resnet,cifar100,laplace,1,--,--,--
resnet,cifar100,laplace,2,--,--,--
resnet,cifar100,laplace,3,--,--,--
resnet,cifar100,laplace,4,--,--,--
resnet,cifar100,laplace,5,--,--,--
resnet,cifar100,laplace,6,--,--,--
resnet,cifar100,laplace,7,--,--,--
resnet,cifar100,laplace,8,--,--,--
resnet,cifar100,laplace,9,--,--,--
resnet,cifar100,laplace,10,--,--,--
resnet,cifar100,laplace,11,--,--,--
resnet,cifar100,laplace,12,--,--,--
resnet,cifar100,laplace,13,--,--,--
resnet,cifar100,laplace,14,--,--,--
resnet,cifar100,poisson,1,--,--,--
resnet,cifar100,poisson,2,--,--,--
resnet,cifar100,poisson,3,--,--,--
resnet,cifar100,poisson,4,--,--,--
resnet,cifar100,poisson,5,--,--,--
resnet,cifar100,poisson,6,--,--,--
resnet,cifar100,poisson,7,--,--,--
resnet,cifar100,poisson,8,--,--,--
resnet,cifar100,poisson,9,--,--,--
resnet,cifar100,poisson,10,--,--,--
resnet,cifar100,poisson,11,--,--,--
resnet,cifar100,poisson,12,--,--,--
resnet,cifar100,poisson,13,--,--,--
resnet,cifar100,poisson,14,--,--,--
resnet,mnist,none,--,--,--,--
resnet,mnist,cauchy,1,--,--,--
resnet,mnist,cauchy,2,--,--,--
resnet,mnist,cauchy,3,--,--,--
resnet,mnist,cauchy,4,--,--,--
resnet,mnist,cauchy,5,--,--,--
resnet,mnist,cauchy,6,--,--,--
resnet,mnist,cauchy,7,--,--,--
resnet,mnist,cauchy,8,--,--,--
resnet,mnist,cauchy,9,--,--,--
resnet,mnist,cauchy,10,--,--,--
resnet,mnist,cauchy,11,--,--,--
resnet,mnist,cauchy,12,--,--,--
resnet,mnist,cauchy,13,--,--,--
resnet,mnist,cauchy,14,--,--,--
resnet,mnist,gaussian,1,--,--,--
resnet,mnist,gaussian,2,--,--,--
resnet,mnist,gaussian,3,--,--,--
resnet,mnist,gaussian,4,--,--,--
resnet,mnist,gaussian,5,--,--,--
resnet,mnist,gaussian,6,--,--,--
resnet,mnist,gaussian,7,--,--,--
resnet,mnist,gaussian,8,--,--,--
resnet,mnist,gaussian,9,--,--,--
resnet,mnist,gaussian,10,--,--,--
resnet,mnist,gaussian,11,--,--,--
resnet,mnist,gaussian,12,--,--,--
resnet,mnist,gaussian,13,--,--,--
resnet,mnist,gaussian,14,--,--,--
resnet,mnist,gumbel,1,--,--,--
resnet,mnist,gumbel,2,--,--,--
resnet,mnist,gumbel,3,--,--,--
resnet,mnist,gumbel,4,--,--,--
resnet,mnist,gumbel,5,--,--,--
resnet,mnist,gumbel,6,--,--,--
resnet,mnist,gumbel,7,--,--,--
resnet,mnist,gumbel,8,--,--,--
resnet,mnist,gumbel,9,--,--,--
resnet,mnist,gumbel,10,--,--,--
resnet,mnist,gumbel,11,--,--,--
resnet,mnist,gumbel,12,--,--,--
resnet,mnist,gumbel,13,--,--,--
resnet,mnist,gumbel,14,--,--,--
resnet,mnist,laplace,1,--,--,--
resnet,mnist,laplace,2,--,--,--
resnet,mnist,laplace,3,--,--,--
resnet,mnist,laplace,4,--,--,--
resnet,mnist,laplace,5,--,--,--
resnet,mnist,laplace,6,--,--,--
resnet,mnist,laplace,7,--,--,--
resnet,mnist,laplace,8,--,--,--
resnet,mnist,laplace,9,--,--,--
resnet,mnist,laplace,10,--,--,--
resnet,mnist,laplace,11,--,--,--
resnet,mnist,laplace,12,--,--,--
resnet,mnist,laplace,13,--,--,--
resnet,mnist,laplace,14,--,--,--
resnet,mnist,poisson,1,--,--,--
resnet,mnist,poisson,2,--,--,--
resnet,mnist,poisson,3,--,--,--
resnet,mnist,poisson,4,--,--,--
resnet,mnist,poisson,5,--,--,--
resnet,mnist,poisson,6,--,--,--
resnet,mnist,poisson,7,--,--,--
resnet,mnist,poisson,8,--,--,--
resnet,mnist,poisson,9,--,--,--
resnet,mnist,poisson,10,--,--,--
resnet,mnist,poisson,11,--,--,--
resnet,mnist,poisson,12,--,--,--
resnet,mnist,poisson,13,--,--,--
resnet,mnist,poisson,14,--,--,--
resnet,svhn,none,--,--,--,--
resnet,svhn,cauchy,1,--,--,--
resnet,svhn,cauchy,2,--,--,--
resnet,svhn,cauchy,3,--,--,--
resnet,svhn,cauchy,4,--,--,--
resnet,svhn,cauchy,5,--,--,--
resnet,svhn,cauchy,6,--,--,--
resnet,svhn,cauchy,7,--,--,--
resnet,svhn,cauchy,8,--,--,--
resnet,svhn,cauchy,9,--,--,--
resnet,svhn,cauchy,10,--,--,--
resnet,svhn,cauchy,11,--,--,--
resnet,svhn,cauchy,12,--,--,--
resnet,svhn,cauchy,13,--,--,--
resnet,svhn,cauchy,14,--,--,--
resnet,svhn,gaussian,1,--,--,--
resnet,svhn,gaussian,2,--,--,--
resnet,svhn,gaussian,3,--,--,--
resnet,svhn,gaussian,4,--,--,--
resnet,svhn,gaussian,5,--,--,--
resnet,svhn,gaussian,6,--,--,--
resnet,svhn,gaussian,7,--,--,--
resnet,svhn,gaussian,8,--,--,--
resnet,svhn,gaussian,9,--,--,--
resnet,svhn,gaussian,10,--,--,--
resnet,svhn,gaussian,11,--,--,--
resnet,svhn,gaussian,12,--,--,--
resnet,svhn,gaussian,13,--,--,--
resnet,svhn,gaussian,14,--,--,--
resnet,svhn,gumbel,1,--,--,--
resnet,svhn,gumbel,2,--,--,--
resnet,svhn,gumbel,3,--,--,--
resnet,svhn,gumbel,4,--,--,--
resnet,svhn,gumbel,5,--,--,--
resnet,svhn,gumbel,6,--,--,--
resnet,svhn,gumbel,7,--,--,--
resnet,svhn,gumbel,8,--,--,--
resnet,svhn,gumbel,9,--,--,--
resnet,svhn,gumbel,10,--,--,--
resnet,svhn,gumbel,11,--,--,--
resnet,svhn,gumbel,12,--,--,--
resnet,svhn,gumbel,13,--,--,--
resnet,svhn,gumbel,14,--,--,--
resnet,svhn,laplace,1,--,--,--
resnet,svhn,laplace,2,--,--,--
resnet,svhn,laplace,3,--,--,--
resnet,svhn,laplace,4,--,--,--
resnet,svhn,laplace,5,--,--,--
resnet,svhn,laplace,6,--,--,--
resnet,svhn,laplace,7,--,--,--
resnet,svhn,laplace,8,--,--,--
resnet,svhn,laplace,9,--,--,--
resnet,svhn,laplace,10,--,--,--
resnet,svhn,laplace,11,--,--,--
resnet,svhn,laplace,12,--,--,--
resnet,svhn,laplace,13,--,--,--
resnet,svhn,laplace,14,--,--,--
resnet,svhn,poisson,1,--,--,--
resnet,svhn,poisson,2,--,--,--
resnet,svhn,poisson,3,--,--,--
resnet,svhn,poisson,4,--,--,--
resnet,svhn,poisson,5,--,--,--
resnet,svhn,poisson,6,--,--,--
resnet,svhn,poisson,7,--,--,--
resnet,svhn,poisson,8,--,--,--
resnet,svhn,poisson,9,--,--,--
resnet,svhn,poisson,10,--,--,--
resnet,svhn,poisson,11,--,--,--
resnet,svhn,poisson,12,--,--,--
resnet,svhn,poisson,13,--,--,--
resnet,svhn,poisson,14,--,--,--
vgg,cifar10,none,--,--,--,--
vgg,cifar10,cauchy,1,--,--,--
vgg,cifar10,cauchy,2,--,--,--
vgg,cifar10,cauchy,3,--,--,--
vgg,cifar10,cauchy,4,--,--,--
vgg,cifar10,cauchy,5,--,--,--
vgg,cifar10,cauchy,6,--,--,--
vgg,cifar10,cauchy,7,--,--,--
vgg,cifar10,cauchy,8,--,--,--
vgg,cifar10,cauchy,9,--,--,--
vgg,cifar10,cauchy,10,--,--,--
vgg,cifar10,cauchy,11,--,--,--
vgg,cifar10,cauchy,12,--,--,--
vgg,cifar10,cauchy,13,--,--,--
vgg,cifar10,cauchy,14,--,--,--
vgg,cifar10,gaussian,1,--,--,--
vgg,cifar10,gaussian,2,--,--,--
vgg,cifar10,gaussian,3,--,--,--
vgg,cifar10,gaussian,4,--,--,--
vgg,cifar10,gaussian,5,--,--,--
vgg,cifar10,gaussian,6,--,--,--
vgg,cifar10,gaussian,7,--,--,--
vgg,cifar10,gaussian,8,--,--,--
vgg,cifar10,gaussian,9,--,--,--
vgg,cifar10,gaussian,10,--,--,--
vgg,cifar10,gaussian,11,--,--,--
vgg,cifar10,gaussian,12,--,--,--
vgg,cifar10,gaussian,13,--,--,--
vgg,cifar10,gaussian,14,--,--,--
vgg,cifar10,gumbel,1,--,--,--
vgg,cifar10,gumbel,2,--,--,--
vgg,cifar10,gumbel,3,--,--,--
vgg,cifar10,gumbel,4,--,--,--
vgg,cifar10,gumbel,5,--,--,--
vgg,cifar10,gumbel,6,--,--,--
vgg,cifar10,gumbel,7,--,--,--
vgg,cifar10,gumbel,8,--,--,--
vgg,cifar10,gumbel,9,--,--,--
vgg,cifar10,gumbel,10,--,--,--
vgg,cifar10,gumbel,11,--,--,--
vgg,cifar10,gumbel,12,--,--,--
vgg,cifar10,gumbel,13,--,--,--
vgg,cifar10,gumbel,14,--,--,--
vgg,cifar10,laplace,1,--,--,--
vgg,cifar10,laplace,2,--,--,--
vgg,cifar10,laplace,3,--,--,--
vgg,cifar10,laplace,4,--,--,--
vgg,cifar10,laplace,5,--,--,--
vgg,cifar10,laplace,6,--,--,--
vgg,cifar10,laplace,7,--,--,--
vgg,cifar10,laplace,8,--,--,--
vgg,cifar10,laplace,9,--,--,--
vgg,cifar10,laplace,10,--,--,--
vgg,cifar10,laplace,11,--,--,--
vgg,cifar10,laplace,12,--,--,--
vgg,cifar10,laplace,13,--,--,--
vgg,cifar10,laplace,14,--,--,--
vgg,cifar10,poisson,1,--,--,--
vgg,cifar10,poisson,2,--,--,--
vgg,cifar10,poisson,3,--,--,--
vgg,cifar10,poisson,4,--,--,--
vgg,cifar10,poisson,5,--,--,--
vgg,cifar10,poisson,6,--,--,--
vgg,cifar10,poisson,7,--,--,--
vgg,cifar10,poisson,8,--,--,--
vgg,cifar10,poisson,9,--,--,--
vgg,cifar10,poisson,10,--,--,--
vgg,cifar10,poisson,11,--,--,--
vgg,cifar10,poisson,12,--,--,--
vgg,cifar10,poisson,13,--,--,--
vgg,cifar10,poisson,14,--,--,--
vgg,cifar100,none,--,--,--,--
vgg,cifar100,cauchy,1,--,--,--
vgg,cifar100,cauchy,2,--,--,--
vgg,cifar100,cauchy,3,--,--,--
vgg,cifar100,cauchy,4,--,--,--
vgg,cifar100,cauchy,5,--,--,--
vgg,cifar100,cauchy,6,--,--,--
vgg,cifar100,cauchy,7,--,--,--
vgg,cifar100,cauchy,8,--,--,--
vgg,cifar100,cauchy,9,--,--,--
vgg,cifar100,cauchy,10,--,--,--
vgg,cifar100,cauchy,11,--,--,--
vgg,cifar100,cauchy,12,--,--,--
vgg,cifar100,cauchy,13,--,--,--
vgg,cifar100,cauchy,14,--,--,--
vgg,cifar100,gaussian,1,--,--,--
vgg,cifar100,gaussian,2,--,--,--
vgg,cifar100,gaussian,3,--,--,--
vgg,cifar100,gaussian,4,--,--,--
vgg,cifar100,gaussian,5,--,--,--
vgg,cifar100,gaussian,6,--,--,--
vgg,cifar100,gaussian,7,--,--,--
vgg,cifar100,gaussian,8,--,--,--
vgg,cifar100,gaussian,9,--,--,--
vgg,cifar100,gaussian,10,--,--,--
vgg,cifar100,gaussian,11,--,--,--
vgg,cifar100,gaussian,12,--,--,--
vgg,cifar100,gaussian,13,--,--,--
vgg,cifar100,gaussian,14,--,--,--
vgg,cifar100,gumbel,1,--,--,--
vgg,cifar100,gumbel,2,--,--,--
vgg,cifar100,gumbel,3,--,--,--
vgg,cifar100,gumbel,4,--,--,--
vgg,cifar100,gumbel,5,--,--,--
vgg,cifar100,gumbel,6,--,--,--
vgg,cifar100,gumbel,7,--,--,--
vgg,cifar100,gumbel,8,--,--,--
vgg,cifar100,gumbel,9,--,--,--
vgg,cifar100,gumbel,10,--,--,--
vgg,cifar100,gumbel,11,--,--,--
vgg,cifar100,gumbel,12,--,--,--
vgg,cifar100,gumbel,13,--,--,--
vgg,cifar100,gumbel,14,--,--,--
vgg,cifar100,laplace,1,--,--,--
vgg,cifar100,laplace,2,--,--,--
vgg,cifar100,laplace,3,--,--,--
vgg,cifar100,laplace,4,--,--,--
vgg,cifar100,laplace,5,--,--,--
vgg,cifar100,laplace,6,--,--,--
vgg,cifar100,laplace,7,--,--,--
vgg,cifar100,laplace,8,--,--,--
vgg,cifar100,laplace,9,--,--,--
vgg,cifar100,laplace,10,--,--,--
vgg,cifar100,laplace,11,--,--,--
vgg,cifar100,laplace,12,--,--,--
vgg,cifar100,laplace,13,--,--,--
vgg,cifar100,laplace,14,--,--,--
vgg,cifar100,poisson,1,--,--,--
vgg,cifar100,poisson,2,--,--,--
vgg,cifar100,poisson,3,--,--,--
vgg,cifar100,poisson,4,--,--,--
vgg,cifar100,poisson,5,--,--,--
vgg,cifar100,poisson,6,--,--,--
vgg,cifar100,poisson,7,--,--,--
vgg,cifar100,poisson,8,--,--,--
vgg,cifar100,poisson,9,--,--,--
vgg,cifar100,poisson,10,--,--,--
vgg,cifar100,poisson,11,--,--,--
vgg,cifar100,poisson,12,--,--,--
vgg,cifar100,poisson,13,--,--,--
vgg,cifar100,poisson,14,--,--,--
vgg,mnist,none,--,--,--,--
vgg,mnist,cauchy,1,--,--,--
vgg,mnist,cauchy,2,--,--,--
vgg,mnist,cauchy,3,--,--,--
vgg,mnist,cauchy,4,--,--,--
vgg,mnist,cauchy,5,--,--,--
vgg,mnist,cauchy,6,--,--,--
vgg,mnist,cauchy,7,--,--,--
vgg,mnist,cauchy,8,--,--,--
vgg,mnist,cauchy,9,--,--,--
vgg,mnist,cauchy,10,--,--,--
vgg,mnist,cauchy,11,--,--,--
vgg,mnist,cauchy,12,--,--,--
vgg,mnist,cauchy,13,--,--,--
vgg,mnist,cauchy,14,--,--,--
vgg,mnist,gaussian,1,--,--,--
vgg,mnist,gaussian,2,--,--,--
vgg,mnist,gaussian,3,--,--,--
vgg,mnist,gaussian,4,--,--,--
vgg,mnist,gaussian,5,--,--,--
vgg,mnist,gaussian,6,--,--,--
vgg,mnist,gaussian,7,--,--,--
vgg,mnist,gaussian,8,--,--,--
vgg,mnist,gaussian,9,--,--,--
vgg,mnist,gaussian,10,--,--,--
vgg,mnist,gaussian,11,--,--,--
vgg,mnist,gaussian,12,--,--,--
vgg,mnist,gaussian,13,--,--,--
vgg,mnist,gaussian,14,--,--,--
vgg,mnist,gumbel,1,--,--,--
vgg,mnist,gumbel,2,--,--,--
vgg,mnist,gumbel,3,--,--,--
vgg,mnist,gumbel,4,--,--,--
vgg,mnist,gumbel,5,--,--,--
vgg,mnist,gumbel,6,--,--,--
vgg,mnist,gumbel,7,--,--,--
vgg,mnist,gumbel,8,--,--,--
vgg,mnist,gumbel,9,--,--,--
vgg,mnist,gumbel,10,--,--,--
vgg,mnist,gumbel,11,--,--,--
vgg,mnist,gumbel,12,--,--,--
vgg,mnist,gumbel,13,--,--,--
vgg,mnist,gumbel,14,--,--,--
vgg,mnist,laplace,1,--,--,--
vgg,mnist,laplace,2,--,--,--
vgg,mnist,laplace,3,--,--,--
vgg,mnist,laplace,4,--,--,--
vgg,mnist,laplace,5,--,--,--
vgg,mnist,laplace,6,--,--,--
vgg,mnist,laplace,7,--,--,--
vgg,mnist,laplace,8,--,--,--
vgg,mnist,laplace,9,--,--,--
vgg,mnist,laplace,10,--,--,--
vgg,mnist,laplace,11,--,--,--
vgg,mnist,laplace,12,--,--,--
vgg,mnist,laplace,13,--,--,--
vgg,mnist,laplace,14,--,--,--
vgg,mnist,poisson,1,--,--,--
vgg,mnist,poisson,2,--,--,--
vgg,mnist,poisson,3,--,--,--
vgg,mnist,poisson,4,--,--,--
vgg,mnist,poisson,5,--,--,--
vgg,mnist,poisson,6,--,--,--
vgg,mnist,poisson,7,--,--,--
vgg,mnist,poisson,8,--,--,--
vgg,mnist,poisson,9,--,--,--
vgg,mnist,poisson,10,--,--,--
vgg,mnist,poisson,11,--,--,--
vgg,mnist,poisson,12,--,--,--
vgg,mnist,poisson,13,--,--,--
vgg,mnist,poisson,14,--,--,--
vgg,svhn,none,--,--,--,--
vgg,svhn,cauchy,1,--,--,--
vgg,svhn,cauchy,2,--,--,--
vgg,svhn,cauchy,3,--,--,--
vgg,svhn,cauchy,4,--,--,--
vgg,svhn,cauchy,5,--,--,--
vgg,svhn,cauchy,6,--,--,--
vgg,svhn,cauchy,7,--,--,--
vgg,svhn,cauchy,8,--,--,--
vgg,svhn,cauchy,9,--,--,--
vgg,svhn,cauchy,10,--,--,--
vgg,svhn,cauchy,11,--,--,--
vgg,svhn,cauchy,12,--,--,--
vgg,svhn,cauchy,13,--,--,--
vgg,svhn,cauchy,14,--,--,--
vgg,svhn,gaussian,1,--,--,--
vgg,svhn,gaussian,2,--,--,--
vgg,svhn,gaussian,3,--,--,--
vgg,svhn,gaussian,4,--,--,--
vgg,svhn,gaussian,5,--,--,--
vgg,svhn,gaussian,6,--,--,--
vgg,svhn,gaussian,7,--,--,--
vgg,svhn,gaussian,8,--,--,--
vgg,svhn,gaussian,9,--,--,--
vgg,svhn,gaussian,10,--,--,--
vgg,svhn,gaussian,11,--,--,--
vgg,svhn,gaussian,12,--,--,--
vgg,svhn,gaussian,13,--,--,--
vgg,svhn,gaussian,14,--,--,--
vgg,svhn,gumbel,1,--,--,--
vgg,svhn,gumbel,2,--,--,--
vgg,svhn,gumbel,3,--,--,--
vgg,svhn,gumbel,4,--,--,--
vgg,svhn,gumbel,5,--,--,--
vgg,svhn,gumbel,6,--,--,--
vgg,svhn,gumbel,7,--,--,--
vgg,svhn,gumbel,8,--,--,--
vgg,svhn,gumbel,9,--,--,--
vgg,svhn,gumbel,10,--,--,--
vgg,svhn,gumbel,11,--,--,--
vgg,svhn,gumbel,12,--,--,--
vgg,svhn,gumbel,13,--,--,--
vgg,svhn,gumbel,14,--,--,--
vgg,svhn,laplace,1,--,--,--
vgg,svhn,laplace,2,--,--,--
vgg,svhn,laplace,3,--,--,--
vgg,svhn,laplace,4,--,--,--
vgg,svhn,laplace,5,--,--,--
vgg,svhn,laplace,6,--,--,--
vgg,svhn,laplace,7,--,--,--
vgg,svhn,laplace,8,--,--,--
vgg,svhn,laplace,9,--,--,--
vgg,svhn,laplace,10,--,--,--
vgg,svhn,laplace,11,--,--,--
vgg,svhn,laplace,12,--,--,--
vgg,svhn,laplace,13,--,--,--
vgg,svhn,laplace,14,--,--,--
vgg,svhn,poisson,1,--,--,--
vgg,svhn,poisson,2,--,--,--
vgg,svhn,poisson,3,--,--,--
vgg,svhn,poisson,4,--,--,--
vgg,svhn,poisson,5,--,--,--
vgg,svhn,poisson,6,--,--,--
vgg,svhn,poisson,7,--,--,--
vgg,svhn,poisson,8,--,--,--
vgg,svhn,poisson,9,--,--,--
vgg,svhn,poisson,10,--,--,--
vgg,svhn,poisson,11,--,--,--
vgg,svhn,poisson,12,--,--,--
vgg,svhn,poisson,13,--,--,--
vgg,svhn,poisson,14,--,--,--
